Source URL,Target URL,Status Code
https://www.pradako.co/2d-drawing.html,https://www.pradako.co/pages/products/2d-drawing.html,301
https://www.pradako.co/2d_drawing.html,https://www.pradako.co/pages/products/2d-drawing.html,301
https://www.pradako.co/acid_plating.html,https://www.pradako.co/pages/technical-information/acid-plating.html,301
https://www.pradako.co/application.html,https://www.pradako.co/pages/applications/application.html,301
https://www.pradako.co/asnz-list-of-standards.html,https://www.pradako.co/pages/standards/australia/index.html,301
https://www.pradako.co/asnz_list_of_standards.html,https://www.pradako.co/pages/standards/australia/index.html,301
https://www.pradako.co/astm.html,https://www.pradako.co/pages/standards/astm/index.html,301
https://www.pradako.co/blog.html,https://www.pradako.co/pages/technical-information/technical-intelligence.html,301
https://www.pradako.co/bolt.html,https://www.pradako.co/pages/products/bolts/index.html,301
https://www.pradako.co/bolts.html,https://www.pradako.co/pages/products/bolts/index.html,301
https://www.pradako.co/bs.html,https://www.pradako.co/pages/standards/bsi/index.html,301
https://www.pradako.co/bush.html,https://www.pradako.co/pages/products/bushes/index.html,301
https://www.pradako.co/bushes.html,https://www.pradako.co/pages/products/bushes/index.html,301
https://www.pradako.co/capacity.html,https://www.pradako.co/pages/global-presence/manufacturing-capacity.html,301
https://www.pradako.co/collaboration.html,https://www.pradako.co/pages/global-presence/collaboration.html,301
https://www.pradako.co/contact-us.html,https://www.pradako.co/pages/contact/contact-us.html,301
https://www.pradako.co/contact.html,https://www.pradako.co/pages/contact/contact-us.html,301
https://www.pradako.co/contact_us.html,https://www.pradako.co/pages/contact/contact-us.html,301
https://www.pradako.co/container-load-calculator.html,https://www.pradako.co/pages/resources/container-load.html,301
https://www.pradako.co/container-load.html,https://www.pradako.co/pages/resources/container-load.html,301
https://www.pradako.co/cookies.html,https://www.pradako.co/pages/legal/cookies.html,301
https://www.pradako.co/cross-reference-for-all-standards.html,https://www.pradako.co/pages/products/cross-reference-for-all-standards.html,301
https://www.pradako.co/customer-testimonial.html,https://www.pradako.co/pages/global-presence/customer-testimonial.html,301
https://www.pradako.co/customer_testimonial.html,https://www.pradako.co/pages/global-presence/customer-testimonial.html,301
https://www.pradako.co/customised-products.html,https://www.pradako.co/pages/products/customised-products.html,301
https://www.pradako.co/dedicated.html,https://www.pradako.co/pages/global-presence/dedicated.html,301
https://www.pradako.co/din-standard.html,https://www.pradako.co/pages/standards/din/index.html,301
https://www.pradako.co/din.html,https://www.pradako.co/pages/standards/din/index.html,301
https://www.pradako.co/din_standard.html,https://www.pradako.co/pages/standards/din/index.html,301
https://www.pradako.co/disclaimer.html,https://www.pradako.co/pages/legal/disclaimer.html,301
https://www.pradako.co/en_14399_hr_hv_bolts.html,https://www.pradako.co/pages/technical-information/en-14399-hr-hv-bolts.html,301
https://www.pradako.co/engineering_support.html,https://www.pradako.co/pages/technical-information/engineering-support.html,301
https://www.pradako.co/exhibition.html,https://www.pradako.co/pages/global-presence/global-presence.html,301
https://www.pradako.co/exhibtion.html,https://www.pradako.co/pages/global-presence/global-presence.html,301
https://www.pradako.co/faqs.html,https://www.pradako.co/pages/technical-information/technical-intelligence.html#faqs,301
https://www.pradako.co/fastener-weight-calculator.html,https://www.pradako.co/pages/resources/weight-calculator.html,301
https://www.pradako.co/featured-spotlight-products.html,https://www.pradako.co/pages/products/featured-spotlight-products.html,301
https://www.pradako.co/freshers.html,https://www.pradako.co/pages/people/fresher.html,301
https://www.pradako.co/galvanic-compatibility-matrix.html,https://www.pradako.co/pages/resources/galvanic-compatibility.html,301
https://www.pradako.co/galvanic-compatibility.html,https://www.pradako.co/pages/resources/galvanic-compatibility.html,301
https://www.pradako.co/galvanic-matrix.html,https://www.pradako.co/pages/resources/galvanic-compatibility.html,301
https://www.pradako.co/global-presence.html,https://www.pradako.co/pages/global-presence/global-presence.html,301
https://www.pradako.co/global_presence.html,https://www.pradako.co/pages/global-presence/global-presence.html,301
https://www.pradako.co/head-marking-identifier.html,https://www.pradako.co/pages/resources/head-marking.html,301
https://www.pradako.co/head-marking.html,https://www.pradako.co/pages/resources/head-marking.html,301
https://www.pradako.co/heat_treatment.html,https://www.pradako.co/pages/technical-information/heat-treatment.html,301
https://www.pradako.co/high-performance.html,https://www.pradako.co/pages/global-presence/global-presence.html,301
https://www.pradako.co/high-tensile.html,https://www.pradako.co/pages/products/high-tensile/index.html,301
https://www.pradako.co/high-tensiles.html,https://www.pradako.co/pages/products/high-tensile/index.html,301
https://www.pradako.co/high_performance.html,https://www.pradako.co/pages/global-presence/global-presence.html,301
https://www.pradako.co/high_tensile.html,https://www.pradako.co/pages/products/high-tensile/index.html,301
https://www.pradako.co/hot_dip_galvanizing.html,https://www.pradako.co/pages/technical-information/hot-dip-galvanizing.html,301
https://www.pradako.co/index.html,https://www.pradako.co/,301
https://www.pradako.co/inquiry.html,https://www.pradako.co/pages/forms/send-enquiry.html,301
https://www.pradako.co/international-standards-cross-reference-guide.html,https://www.pradako.co/pages/products/international-standards-cross-reference-guide.html,301
https://www.pradako.co/internships.html,https://www.pradako.co/pages/people/internship.html,301
https://www.pradako.co/iso.html,https://www.pradako.co/pages/standards/iso/index.html,301
https://www.pradako.co/list-of-standards.html,https://www.pradako.co/pages/standards/list-of-standards.html,301
https://www.pradako.co/manufacturing-capacity.html,https://www.pradako.co/pages/global-presence/manufacturing-capacity.html,301
https://www.pradako.co/manufacturing.html,https://www.pradako.co/pages/about-us/manufacturing-capacity.html,301
https://www.pradako.co/manufacturing_capacity.html,https://www.pradako.co/pages/global-presence/manufacturing-capacity.html,301
https://www.pradako.co/material_specification.html,https://www.pradako.co/pages/technical-information/material-specification.html,301
https://www.pradako.co/nut.html,https://www.pradako.co/pages/products/nuts/index.html,301
https://www.pradako.co/nuts.html,https://www.pradako.co/pages/products/nuts/index.html,301
https://www.pradako.co/oil-gas.html,https://www.pradako.co/pages/applications/oil-gas.html,301
https://www.pradako.co/oils-gas.html,https://www.pradako.co/pages/applications/oil-gas.html,301
https://www.pradako.co/oils_gas.html,https://www.pradako.co/pages/applications/oil-gas.html,301
https://www.pradako.co/pages/sustainability/sustainibility.html,https://www.pradako.co/pages/sustainability/sustainability.html,301
https://www.pradako.co/people.html,https://www.pradako.co/pages/people/people.html,301
https://www.pradako.co/pin.html,https://www.pradako.co/pages/products/pins/index.html,301
https://www.pradako.co/pins.html,https://www.pradako.co/pages/products/pins/index.html,301
https://www.pradako.co/plug.html,https://www.pradako.co/pages/products/plugs/index.html,301
https://www.pradako.co/plugs-square-threaded-plugs-expansion-plugs.html,https://www.pradako.co/pages/products/plugs/expansion-plug.html,301
https://www.pradako.co/plugs-square-threaded-plugs-hex-socket-threaded-plugs.html,https://www.pradako.co/pages/products/plugs/hex-socket-threaded-plug.html,301
https://www.pradako.co/plugs-square-threaded-plugs-magnetic-plugs.html,https://www.pradako.co/pages/products/plugs/magnetic-plug.html,301
https://www.pradako.co/plugs-square-threaded-plugs-pipe-plugs.html,https://www.pradako.co/pages/products/plugs/pipe-plug.html,301
https://www.pradako.co/plugs-square-threaded-plugs-tapered-plugs.html,https://www.pradako.co/pages/products/plugs/tapered-plug.html,301
https://www.pradako.co/plugs-square-threaded-plugs-threaded-plugs.html,https://www.pradako.co/pages/products/plugs/threaded-plug.html,301
https://www.pradako.co/plugs.html,https://www.pradako.co/pages/products/plugs/index.html,301
https://www.pradako.co/pradako-list-of-standards.html,https://www.pradako.co/pages/standards/list-of-standards.html,301
https://www.pradako.co/pradako_list_of_standards.html,https://www.pradako.co/pages/standards/list-of-standards.html,301
https://www.pradako.co/privacy.html,https://www.pradako.co/pages/legal/privacy.html,301
https://www.pradako.co/products-socket-screws.html,https://www.pradako.co/pages/products/screws/socket-screws.html,301
https://www.pradako.co/products.html,https://www.pradako.co/pages/products/products.html,301
https://www.pradako.co/rapidprototype.html,https://www.pradako.co/pages/global-presence/rapidprototype.html,301
https://www.pradako.co/rapidprotype.html,https://www.pradako.co/pages/global-presence/rapidprototype.html,301
https://www.pradako.co/research-development.html,https://www.pradako.co/pages/quality-manufacturing/research-development.html,301
https://www.pradako.co/rivet.html,https://www.pradako.co/pages/products/rivets/index.html,301
https://www.pradako.co/rivets.html,https://www.pradako.co/pages/products/rivets/index.html,301
https://www.pradako.co/rnd.html,https://www.pradako.co/pages/quality-manufacturing/research-development.html,301
https://www.pradako.co/salt_spray_corrosion_protection.html,https://www.pradako.co/pages/technical-information/salt-spray-corrosion-protection.html,301
https://www.pradako.co/screw.html,https://www.pradako.co/pages/products/screws/index.html,301
https://www.pradako.co/screws-universal-screws-sems-screws-mounted-washers.html,https://www.pradako.co/pages/products/screws/sems-screws-mounted-washer.html,301
https://www.pradako.co/screws-universal-screws-torx-with-pins.html,https://www.pradako.co/pages/products/screws/torx-with-pin.html,301
https://www.pradako.co/screws.html,https://www.pradako.co/pages/products/screws/index.html,301
https://www.pradako.co/sem-screw.html,https://www.pradako.co/pages/products/screws/sems-screws.html,301
https://www.pradako.co/sem_screw.html,https://www.pradako.co/pages/products/screws/sems-screws.html,301
https://www.pradako.co/sfs-list-of-standards.html,https://www.pradako.co/pages/standards/sfs/index.html,301
https://www.pradako.co/sfs_list_of_standards.html,https://www.pradako.co/pages/standards/sfs/index.html,301
https://www.pradako.co/socket-screws.html,https://www.pradako.co/pages/products/screws/socket-screws.html,301
https://www.pradako.co/specifications.html,https://www.pradako.co/pages/specifications/specifications.html,301
https://www.pradako.co/specifications/aashto/aashto-m164/index.html,https://www.pradako.co/pages/specifications/aashto/aashto-m164.html,301
https://www.pradako.co/specifications/aashto/aashto-m232/index.html,https://www.pradako.co/pages/specifications/aashto/aashto-m232m-m232-25.html,301
https://www.pradako.co/specifications/aashto/aashto-m253/index.html,https://www.pradako.co/pages/specifications/aashto/aashto-m253.html,301
https://www.pradako.co/specifications/aashto/aashto-m291/index.html,https://www.pradako.co/pages/specifications/aashto/aashto-m291.html,301
https://www.pradako.co/specifications/aashto/aashto-m292/index.html,https://www.pradako.co/pages/specifications/aashto/aashto-m292m-m292-25.html,301
https://www.pradako.co/specifications/aashto/aashto-m293/index.html,https://www.pradako.co/pages/specifications/aashto/aashto-m293.html,301
https://www.pradako.co/specifications/aashto/aashto-m314/index.html,https://www.pradako.co/pages/specifications/aashto/aashto-m314-90-2022.html,301
https://www.pradako.co/specifications/asme/asme-b18-21-1/index.html,https://www.pradako.co/pages/specifications/asme/asme-b18-21-1-2009-r2016.html,301
https://www.pradako.co/specifications/astm/a1099-a1099m/index.html,https://www.pradako.co/pages/specifications/astm/astm-a1099-a1099m.html,301
https://www.pradako.co/specifications/astm/a181-a181m/index.html,https://www.pradako.co/pages/specifications/astm/astm-a181-a181m.html,301
https://www.pradako.co/specifications/astm/a183/index.html,https://www.pradako.co/pages/specifications/astm/astm-a183.html,301
https://www.pradako.co/specifications/astm/a266-a266m/index.html,https://www.pradako.co/pages/specifications/astm/astm-a266-a266m.html,301
https://www.pradako.co/specifications/astm/a336-a336m/index.html,https://www.pradako.co/pages/specifications/astm/astm-a336-a336m.html,301
https://www.pradako.co/specifications/astm/a563m/index.html,https://www.pradako.co/pages/specifications/astm/astm-a563m.html,301
https://www.pradako.co/specifications/astm/a574m/index.html,https://www.pradako.co/pages/specifications/astm/astm-a574m.html,301
https://www.pradako.co/specifications/astm/a693/index.html,https://www.pradako.co/pages/specifications/astm/astm-a693.html,301
https://www.pradako.co/specifications/astm/astm-a1014-a1014m/index.html,https://www.pradako.co/pages/specifications/astm/astm-a1014-a1014m.html,301
https://www.pradako.co/specifications/astm/astm-a105/index.html,https://www.pradako.co/pages/specifications/astm/astm-a105-a105m.html,301
https://www.pradako.co/specifications/astm/astm-a108/index.html,https://www.pradako.co/pages/specifications/astm/astm-a108.html,301
https://www.pradako.co/specifications/astm/astm-a1082-a1082m/index.html,https://www.pradako.co/pages/specifications/astm/astm-a1082-a1082m.html,301
https://www.pradako.co/specifications/astm/astm-a153-a153m/index.html,https://www.pradako.co/pages/specifications/astm/astm-a153-a153m.html,301
https://www.pradako.co/specifications/astm/astm-a182/index.html,https://www.pradako.co/pages/specifications/astm/astm-a182-a182m.html,301
https://www.pradako.co/specifications/astm/astm-a193-a193m/index.html,https://www.pradako.co/pages/specifications/astm/astm-a193-a193m.html,301
https://www.pradako.co/specifications/astm/astm-a194-a194m/index.html,https://www.pradako.co/pages/specifications/astm/astm-a194-a194m.html,301
https://www.pradako.co/specifications/astm/astm-a240/index.html,https://www.pradako.co/pages/specifications/astm/astm-a240-a240m.html,301
https://www.pradako.co/specifications/astm/astm-a276/index.html,https://www.pradako.co/pages/specifications/astm/astm-a276-a276m.html,301
https://www.pradako.co/specifications/astm/astm-a29/index.html,https://www.pradako.co/pages/specifications/astm/astm-a29-a29m.html,301
https://www.pradako.co/specifications/astm/astm-a307/index.html,https://www.pradako.co/pages/specifications/astm/astm-a307.html,301
https://www.pradako.co/specifications/astm/astm-a320-a320m/index.html,https://www.pradako.co/pages/specifications/astm/astm-a320-a320m.html,301
https://www.pradako.co/specifications/astm/astm-a325/index.html,https://www.pradako.co/pages/specifications/astm/astm-a325.html,301
https://www.pradako.co/specifications/astm/astm-a350/index.html,https://www.pradako.co/pages/specifications/astm/astm-a350-a350m.html,301
https://www.pradako.co/specifications/astm/astm-a354/index.html,https://www.pradako.co/pages/specifications/astm/astm-a354.html,301
https://www.pradako.co/specifications/astm/astm-a36-a36m/index.html,https://www.pradako.co/pages/specifications/astm/astm-a36-a36m.html,301
https://www.pradako.co/specifications/astm/astm-a394/index.html,https://www.pradako.co/pages/specifications/astm/astm-a394.html,301
https://www.pradako.co/specifications/astm/astm-a437-a437m/index.html,https://www.pradako.co/pages/specifications/astm/astm-a437-a437m.html,301
https://www.pradako.co/specifications/astm/astm-a449/index.html,https://www.pradako.co/pages/specifications/astm/astm-a449.html,301
https://www.pradako.co/specifications/astm/astm-a453-a453m/index.html,https://www.pradako.co/pages/specifications/astm/astm-a453-a453m.html,301
https://www.pradako.co/specifications/astm/astm-a47-a47m/index.html,https://www.pradako.co/pages/specifications/astm/astm-a47-a47m.html,301
https://www.pradako.co/specifications/astm/astm-a479/index.html,https://www.pradako.co/pages/specifications/astm/astm-a479-a479m.html,301
https://www.pradako.co/specifications/astm/astm-a48-a48m/index.html,https://www.pradako.co/pages/specifications/astm/astm-a48-a48m.html,301
https://www.pradako.co/specifications/astm/astm-a489/index.html,https://www.pradako.co/pages/specifications/astm/astm-a489.html,301
https://www.pradako.co/specifications/astm/astm-a490/index.html,https://www.pradako.co/pages/specifications/astm/astm-a490.html,301
https://www.pradako.co/specifications/astm/astm-a522/index.html,https://www.pradako.co/pages/specifications/astm/astm-a522-a522m.html,301
https://www.pradako.co/specifications/astm/astm-a529/index.html,https://www.pradako.co/pages/specifications/astm/astm-a529-a529m.html,301
https://www.pradako.co/specifications/astm/astm-a536/index.html,https://www.pradako.co/pages/specifications/astm/astm-a536.html,301
https://www.pradako.co/specifications/astm/astm-a540-a540m/index.html,https://www.pradako.co/pages/specifications/astm/astm-a540-a540m.html,301
https://www.pradako.co/specifications/astm/astm-a541/index.html,https://www.pradako.co/pages/specifications/astm/astm-a541-a541m.html,301
https://www.pradako.co/specifications/astm/astm-a563-a563m/index.html,https://www.pradako.co/pages/specifications/astm/astm-a563-a563m.html,301
https://www.pradako.co/specifications/astm/astm-a564/index.html,https://www.pradako.co/pages/specifications/astm/astm-a564-a564m.html,301
https://www.pradako.co/specifications/astm/astm-a572/index.html,https://www.pradako.co/pages/specifications/astm/astm-a572-a572m.html,301
https://www.pradako.co/specifications/astm/astm-a574/index.html,https://www.pradako.co/pages/specifications/astm/astm-a574.html,301
https://www.pradako.co/specifications/astm/astm-a576/index.html,https://www.pradako.co/pages/specifications/astm/astm-a576.html,301
https://www.pradako.co/specifications/astm/astm-a582/index.html,https://www.pradako.co/pages/specifications/astm/astm-a582-a582m.html,301
https://www.pradako.co/specifications/astm/astm-a588-a588m/index.html,https://www.pradako.co/pages/specifications/astm/astm-a588-a588m.html,301
https://www.pradako.co/specifications/astm/astm-a592/index.html,https://www.pradako.co/pages/specifications/astm/astm-a592-a592m.html,301
https://www.pradako.co/specifications/astm/astm-a615-a615m/index.html,https://www.pradako.co/pages/specifications/astm/astm-a615-a615m.html,301
https://www.pradako.co/specifications/astm/astm-a638/index.html,https://www.pradako.co/pages/specifications/astm/astm-a638-a638m.html,301
https://www.pradako.co/specifications/astm/astm-a668-a668m/index.html,https://www.pradako.co/pages/specifications/astm/astm-a668-a668m.html,301
https://www.pradako.co/specifications/astm/astm-a694/index.html,https://www.pradako.co/pages/specifications/astm/astm-a694-a694m.html,301
https://www.pradako.co/specifications/astm/astm-a705/index.html,https://www.pradako.co/pages/specifications/astm/astm-a705-a705m.html,301
https://www.pradako.co/specifications/astm/astm-a706-a706m/index.html,https://www.pradako.co/pages/specifications/astm/astm-a706-a706m.html,301
https://www.pradako.co/specifications/astm/astm-a707/index.html,https://www.pradako.co/pages/specifications/astm/astm-a707-a707m.html,301
https://www.pradako.co/specifications/astm/astm-a727/index.html,https://www.pradako.co/pages/specifications/astm/astm-a727-a727m.html,301
https://www.pradako.co/specifications/astm/astm-a836/index.html,https://www.pradako.co/pages/specifications/astm/astm-a836-a836m.html,301
https://www.pradako.co/specifications/astm/astm-a965/index.html,https://www.pradako.co/pages/specifications/astm/astm-a965-a965m.html,301
https://www.pradako.co/specifications/astm/astm-b103/index.html,https://www.pradako.co/pages/specifications/astm/astm-b103-b103m.html,301
https://www.pradako.co/specifications/astm/astm-b121/index.html,https://www.pradako.co/pages/specifications/astm/astm-b121-b121m.html,301
https://www.pradako.co/specifications/astm/astm-b122/index.html,https://www.pradako.co/pages/specifications/astm/astm-b122-b122m.html,301
https://www.pradako.co/specifications/astm/astm-b124/index.html,https://www.pradako.co/pages/specifications/astm/astm-b124-b124m.html,301
https://www.pradako.co/specifications/astm/astm-b127/index.html,https://www.pradako.co/pages/specifications/astm/astm-b127.html,301
https://www.pradako.co/specifications/astm/astm-b134/index.html,https://www.pradako.co/pages/specifications/astm/astm-b134-b134m.html,301
https://www.pradako.co/specifications/astm/astm-b139/index.html,https://www.pradako.co/pages/specifications/astm/astm-b139-b139m.html,301
https://www.pradako.co/specifications/astm/astm-b150/index.html,https://www.pradako.co/pages/specifications/astm/astm-b150-b150m.html,301
https://www.pradako.co/specifications/astm/astm-b151/index.html,https://www.pradako.co/pages/specifications/astm/astm-b151-b151m.html,301
https://www.pradako.co/specifications/astm/astm-b16/index.html,https://www.pradako.co/pages/specifications/astm/astm-b16-b16m.html,301
https://www.pradako.co/specifications/astm/astm-b160/index.html,https://www.pradako.co/pages/specifications/astm/astm-b160.html,301
https://www.pradako.co/specifications/astm/astm-b162/index.html,https://www.pradako.co/pages/specifications/astm/astm-b162.html,301
https://www.pradako.co/specifications/astm/astm-b164/index.html,https://www.pradako.co/pages/specifications/astm/astm-b164.html,301
https://www.pradako.co/specifications/astm/astm-b166/index.html,https://www.pradako.co/pages/specifications/astm/astm-b166.html,301
https://www.pradako.co/specifications/astm/astm-b168/index.html,https://www.pradako.co/pages/specifications/astm/astm-b168.html,301
https://www.pradako.co/specifications/astm/astm-b169/index.html,https://www.pradako.co/pages/specifications/astm/astm-b169-b169m.html,301
https://www.pradako.co/specifications/astm/astm-b171/index.html,https://www.pradako.co/pages/specifications/astm/astm-b171-b171m.html,301
https://www.pradako.co/specifications/astm/astm-b265/index.html,https://www.pradako.co/pages/specifications/astm/astm-b265.html,301
https://www.pradako.co/specifications/astm/astm-b335/index.html,https://www.pradako.co/pages/specifications/astm/astm-b335.html,301
https://www.pradako.co/specifications/astm/astm-b348/index.html,https://www.pradako.co/pages/specifications/astm/astm-b348-b348m.html,301
https://www.pradako.co/specifications/astm/astm-b36/index.html,https://www.pradako.co/pages/specifications/astm/astm-b36-b36m.html,301
https://www.pradako.co/specifications/astm/astm-b365/index.html,https://www.pradako.co/pages/specifications/astm/astm-b365.html,301
https://www.pradako.co/specifications/astm/astm-b381/index.html,https://www.pradako.co/pages/specifications/astm/astm-b381.html,301
https://www.pradako.co/specifications/astm/astm-b387/index.html,https://www.pradako.co/pages/specifications/astm/astm-b387-b387m.html,301
https://www.pradako.co/specifications/astm/astm-b408/index.html,https://www.pradako.co/pages/specifications/astm/astm-b408.html,301
https://www.pradako.co/specifications/astm/astm-b409/index.html,https://www.pradako.co/pages/specifications/astm/astm-b409.html,301
https://www.pradako.co/specifications/astm/astm-b424/index.html,https://www.pradako.co/pages/specifications/astm/astm-b424.html,301
https://www.pradako.co/specifications/astm/astm-b425/index.html,https://www.pradako.co/pages/specifications/astm/astm-b425.html,301
https://www.pradako.co/specifications/astm/astm-b446/index.html,https://www.pradako.co/pages/specifications/astm/astm-b446.html,301
https://www.pradako.co/specifications/astm/astm-b462/index.html,https://www.pradako.co/pages/specifications/astm/astm-b462.html,301
https://www.pradako.co/specifications/astm/astm-b473/index.html,https://www.pradako.co/pages/specifications/astm/astm-b473.html,301
https://www.pradako.co/specifications/astm/astm-b493/index.html,https://www.pradako.co/pages/specifications/astm/astm-b493-b493m.html,301
https://www.pradako.co/specifications/astm/astm-b550/index.html,https://www.pradako.co/pages/specifications/astm/astm-b550-b550m.html,301
https://www.pradako.co/specifications/astm/astm-b551/index.html,https://www.pradako.co/pages/specifications/astm/astm-b551-b551m.html,301
https://www.pradako.co/specifications/astm/astm-b564/index.html,https://www.pradako.co/pages/specifications/astm/astm-b564.html,301
https://www.pradako.co/specifications/astm/astm-b572/index.html,https://www.pradako.co/pages/specifications/astm/astm-b572.html,301
https://www.pradako.co/specifications/astm/astm-b574/index.html,https://www.pradako.co/pages/specifications/astm/astm-b574.html,301
https://www.pradako.co/specifications/astm/astm-b637/index.html,https://www.pradako.co/pages/specifications/astm/astm-b637.html,301
https://www.pradako.co/specifications/astm/astm-b695/index.html,https://www.pradako.co/pages/specifications/astm/astm-b695.html,301
https://www.pradako.co/specifications/astm/astm-b708/index.html,https://www.pradako.co/pages/specifications/astm/astm-b708.html,301
https://www.pradako.co/specifications/astm/astm-b805/index.html,https://www.pradako.co/pages/specifications/astm/astm-b805.html,301
https://www.pradako.co/specifications/astm/astm-b865/index.html,https://www.pradako.co/pages/specifications/astm/astm-b865.html,301
https://www.pradako.co/specifications/astm/astm-b98/index.html,https://www.pradako.co/pages/specifications/astm/astm-b98-b98m.html,301
https://www.pradako.co/specifications/astm/astm-f1554/index.html,https://www.pradako.co/pages/specifications/astm/astm-f1554.html,301
https://www.pradako.co/specifications/astm/astm-f1941-f1941m/index.html,https://www.pradako.co/pages/specifications/astm/astm-f1941-f1941m.html,301
https://www.pradako.co/specifications/astm/astm-f2281/index.html,https://www.pradako.co/pages/specifications/astm/astm-f2281.html,301
https://www.pradako.co/specifications/astm/astm-f2329-f2329m/index.html,https://www.pradako.co/pages/specifications/astm/astm-f2329-f2329m.html,301
https://www.pradako.co/specifications/astm/astm-f3125-f3125m/index.html,https://www.pradako.co/pages/specifications/astm/astm-f3125-f3125m.html,301
https://www.pradako.co/specifications/astm/astm-f436-f436m/index.html,https://www.pradako.co/pages/specifications/astm/astm-f436-f436m.html,301
https://www.pradako.co/specifications/astm/astm-f467/index.html,https://www.pradako.co/pages/specifications/astm/astm-f467.html,301
https://www.pradako.co/specifications/astm/astm-f468/index.html,https://www.pradako.co/pages/specifications/astm/astm-f468.html,301
https://www.pradako.co/specifications/astm/astm-f593/index.html,https://www.pradako.co/pages/specifications/astm/astm-f593.html,301
https://www.pradako.co/specifications/astm/astm-f594/index.html,https://www.pradako.co/pages/specifications/astm/astm-f594.html,301
https://www.pradako.co/specifications/astm/astm-f837/index.html,https://www.pradako.co/pages/specifications/astm/astm-f837.html,301
https://www.pradako.co/specifications/astm/astm-f844/index.html,https://www.pradako.co/pages/specifications/astm/astm-f844.html,301
https://www.pradako.co/specifications/astm/astm-f879/index.html,https://www.pradako.co/pages/specifications/astm/astm-f879.html,301
https://www.pradako.co/specifications/astm/astm-f880/index.html,https://www.pradako.co/pages/specifications/astm/astm-f880.html,301
https://www.pradako.co/specifications/astm/b927-b927m/index.html,https://www.pradako.co/pages/specifications/astm/astm-b927-b927m.html,301
https://www.pradako.co/specifications/astm/b96-b96m/index.html,https://www.pradako.co/pages/specifications/astm/astm-b96-b96m.html,301
https://www.pradako.co/specifications/astm/b99-b99m/index.html,https://www.pradako.co/pages/specifications/astm/astm-b99-b99m.html,301
https://www.pradako.co/specifications/astm/f568m/index.html,https://www.pradako.co/pages/specifications/astm/astm-f568m.html,301
https://www.pradako.co/specifications/astm/f738m/index.html,https://www.pradako.co/pages/specifications/astm/astm-f738m.html,301
https://www.pradako.co/specifications/astm/f835m/index.html,https://www.pradako.co/pages/specifications/astm/astm-f835m.html,301
https://www.pradako.co/specifications/astm/f836m/index.html,https://www.pradako.co/pages/specifications/astm/astm-f836m.html,301
https://www.pradako.co/specifications/astm/f837m/index.html,https://www.pradako.co/pages/specifications/astm/astm-f837m.html,301
https://www.pradako.co/specifications/astm/f879m/index.html,https://www.pradako.co/pages/specifications/astm/astm-f879m.html,301
https://www.pradako.co/specifications/astm/f880m/index.html,https://www.pradako.co/pages/specifications/astm/astm-f880m.html,301
https://www.pradako.co/specifications/bs-en/1515-4-2021/index.html,https://www.pradako.co/pages/specifications/bs-en/bs-en-1515-4.html,301
https://www.pradako.co/specifications/bs/3692-2014/index.html,https://www.pradako.co/pages/specifications/bs/bs-3692.html,301
https://www.pradako.co/specifications/bs/4190-2014/index.html,https://www.pradako.co/pages/specifications/bs/bs-4190.html,301
https://www.pradako.co/specifications/bs/bs-3076/index.html,https://www.pradako.co/pages/specifications/bs/bs-3076.html,301
https://www.pradako.co/specifications/csa/csa-g40-21/index.html,https://www.pradako.co/pages/specifications/csa/csa-g40-21-13-r2023.html,301
https://www.pradako.co/specifications/din/din-17240/index.html,https://www.pradako.co/pages/specifications/din/din-17240-1976-07.html,301
https://www.pradako.co/specifications/en/en-10088-3/index.html,https://www.pradako.co/pages/specifications/en/en-10088-3.html,301
https://www.pradako.co/specifications/en/en-10095/index.html,https://www.pradako.co/pages/specifications/en/en-10095.html,301
https://www.pradako.co/specifications/en/en-10269/index.html,https://www.pradako.co/pages/specifications/en/en-10269.html,301
https://www.pradako.co/specifications/iso/iso-3506-1/index.html,https://www.pradako.co/pages/specifications/iso/iso-3506-1.html,301
https://www.pradako.co/specifications/iso/iso-3506-2/index.html,https://www.pradako.co/pages/specifications/iso/iso-3506-2.html,301
https://www.pradako.co/specifications/iso/iso-3506-3/index.html,https://www.pradako.co/pages/specifications/iso/iso-3506-3.html,301
https://www.pradako.co/specifications/iso/iso-3506-4/index.html,https://www.pradako.co/pages/specifications/iso/iso-3506-4.html,301
https://www.pradako.co/specifications/iso/iso-898-1/index.html,https://www.pradako.co/pages/specifications/iso/iso-898-1.html,301
https://www.pradako.co/specifications/iso/iso-898-2/index.html,https://www.pradako.co/pages/specifications/iso/iso-898-2.html,301
https://www.pradako.co/specifications/iso/iso-898-3/index.html,https://www.pradako.co/pages/specifications/iso/iso-898-3.html,301
https://www.pradako.co/specifications/iso/iso-898-5/index.html,https://www.pradako.co/pages/specifications/iso/iso-898-5.html,301
https://www.pradako.co/specifications/iso/iso-898-6/index.html,https://www.pradako.co/pages/specifications/iso/iso-898-6.html,301
https://www.pradako.co/specifications/sae/sae-j429/index.html,https://www.pradako.co/pages/specifications/sae/sae-j429.html,301
https://www.pradako.co/specifications/sae/sae-j995/index.html,https://www.pradako.co/pages/specifications/sae/sae-j995.html,301
https://www.pradako.co/stainless-steel.html,https://www.pradako.co/pages/products/stainless-steel/index.html,301
https://www.pradako.co/stainless-steels.html,https://www.pradako.co/pages/products/stainless-steel/index.html,301
https://www.pradako.co/stainless_steel.html,https://www.pradako.co/pages/products/stainless-steel/index.html,301
https://www.pradako.co/stainless_steel_material.html,https://www.pradako.co/pages/technical-information/stainless-steel-material.html,301
https://www.pradako.co/standard-products.html,https://www.pradako.co/pages/products/standard-products.html,301
https://www.pradako.co/strategic-industry.html,https://www.pradako.co/pages/global-presence/global-presence.html,301
https://www.pradako.co/strategic_industry.html,https://www.pradako.co/pages/global-presence/global-presence.html,301
https://www.pradako.co/stud.html,https://www.pradako.co/pages/products/studs/index.html,301
https://www.pradako.co/studs.html,https://www.pradako.co/pages/products/studs/index.html,301
https://www.pradako.co/sustainability.html,https://www.pradako.co/pages/sustainability/sustainability.html,301
https://www.pradako.co/sustainibility.html,https://www.pradako.co/pages/sustainability/sustainability.html,301
https://www.pradako.co/switch-gear.html,https://www.pradako.co/pages/applications/electronics.html,301
https://www.pradako.co/switch_gear.html,https://www.pradako.co/pages/applications/electronics.html,301
https://www.pradako.co/technical-intelligence.html,https://www.pradako.co/pages/technical-information/technical-intelligence.html,301
https://www.pradako.co/technical.html,https://www.pradako.co/pages/technical-information/technical-intelligence.html,301
https://www.pradako.co/technical_intelligence.html,https://www.pradako.co/pages/technical-information/technical-intelligence.html,301
https://www.pradako.co/terms-of-use.html,https://www.pradako.co/pages/legal/terms-of-use.html,301
https://www.pradako.co/terms_of_use.html,https://www.pradako.co/pages/legal/terms-of-use.html,301
https://www.pradako.co/thread-pitch-reference.html,https://www.pradako.co/pages/resources/thread-tap-drill.html,301
https://www.pradako.co/thread-pitch-tap-drill.html,https://www.pradako.co/pages/resources/thread-tap-drill.html,301
https://www.pradako.co/thread-tap-drill.html,https://www.pradako.co/pages/resources/thread-tap-drill.html,301
https://www.pradako.co/threaded-rod.html,https://www.pradako.co/pages/products/threaded-rods/index.html,301
https://www.pradako.co/threaded-rods.html,https://www.pradako.co/pages/products/threaded-rods/index.html,301
https://www.pradako.co/threaded_rod.html,https://www.pradako.co/pages/products/threaded-rods/index.html,301
https://www.pradako.co/threading_drive_types.html,https://www.pradako.co/pages/technical-information/threading-drive-types.html,301
https://www.pradako.co/torque-calculator.html,https://www.pradako.co/pages/resources/torque-calculator.html,301
https://www.pradako.co/torque_calculator.html,https://www.pradako.co/pages/resources/torque-calculator.html,301
https://www.pradako.co/une-list-of-standards.html,https://www.pradako.co/pages/standards/une/index.html,301
https://www.pradako.co/une_list_of_standards.html,https://www.pradako.co/pages/standards/une/index.html,301
https://www.pradako.co/unit-converter.html,https://www.pradako.co/pages/resources/unit-converter.html,301
https://www.pradako.co/vdi-2230-calculator.html,https://www.pradako.co/pages/resources/torque-calculator.html,301
https://www.pradako.co/vdi-2230-torque-calculator.html,https://www.pradako.co/pages/resources/torque-calculator.html,301
https://www.pradako.co/warehouse-packing.html,https://www.pradako.co/pages/global-presence/warehouse-packing.html,301
https://www.pradako.co/warehouse_packing.html,https://www.pradako.co/pages/global-presence/warehouse-packing.html,301
https://www.pradako.co/washer.html,https://www.pradako.co/pages/products/washers/index.html,301
https://www.pradako.co/washers.html,https://www.pradako.co/pages/products/washers/index.html,301
https://www.pradako.co/weight-calculator.html,https://www.pradako.co/pages/resources/weight-calculator.html,301
https://www.pradako.co/weight-charts.html,https://www.pradako.co/pages/resources/weight-calculator.html,301
https://www.pradako.co/weight_calculator.html,https://www.pradako.co/pages/resources/weight-calculator.html,301
https://www.pradako.co/weight_charts.html,https://www.pradako.co/pages/resources/weight-calculator.html,301
https://www.pradako.co/zinc_flake_coating.html,https://www.pradako.co/pages/technical-information/zinc-flake-coating.html,301
