source,target,status_code,group,note
/2d-drawing.html,/pages/products/2d-drawing.html,301,frontend-migration,legacy flat URL compatibility
/2d_drawing.html,/pages/products/2d-drawing.html,301,frontend-migration,legacy flat URL compatibility
/acid_plating.html,/pages/technical-information/acid-plating.html,301,frontend-migration,legacy flat URL compatibility
/application.html,/pages/applications/application.html,301,frontend-migration,legacy flat URL compatibility
/asnz-list-of-standards.html,/pages/standards/australia/index.html,301,frontend-migration,legacy flat URL compatibility
/asnz_list_of_standards.html,/pages/standards/australia/index.html,301,frontend-migration,legacy flat URL compatibility
/astm.html,/pages/standards/astm/index.html,301,frontend-migration,legacy flat URL compatibility
/blog.html,/pages/technical-information/technical-intelligence.html,301,frontend-migration,legacy flat URL compatibility
/bolt.html,/pages/products/bolts/index.html,301,frontend-migration,legacy flat URL compatibility
/bolts.html,/pages/products/bolts/index.html,301,frontend-migration,legacy flat URL compatibility
/bs.html,/pages/standards/bsi/index.html,301,frontend-migration,legacy flat URL compatibility
/bush.html,/pages/products/bushes/index.html,301,frontend-migration,legacy flat URL compatibility
/bushes.html,/pages/products/bushes/index.html,301,frontend-migration,legacy flat URL compatibility
/capacity.html,/pages/global-presence/manufacturing-capacity.html,301,frontend-migration,legacy flat URL compatibility
/collaboration.html,/pages/global-presence/collaboration.html,301,frontend-migration,legacy flat URL compatibility
/contact-us.html,/pages/contact/contact-us.html,301,frontend-migration,legacy flat URL compatibility
/contact.html,/pages/contact/contact-us.html,301,frontend-migration,legacy flat URL compatibility
/contact_us.html,/pages/contact/contact-us.html,301,frontend-migration,legacy flat URL compatibility
/container-load-calculator.html,/pages/resources/container-load.html,301,frontend-migration,legacy flat URL compatibility
/container-load.html,/pages/resources/container-load.html,301,frontend-migration,legacy flat URL compatibility
/cookies.html,/pages/legal/cookies.html,301,frontend-migration,legacy flat URL compatibility
/cross-reference-for-all-standards.html,/pages/products/cross-reference-for-all-standards.html,301,frontend-migration,legacy flat URL compatibility
/customer-testimonial.html,/pages/global-presence/customer-testimonial.html,301,frontend-migration,legacy flat URL compatibility
/customer_testimonial.html,/pages/global-presence/customer-testimonial.html,301,frontend-migration,legacy flat URL compatibility
/customised-products.html,/pages/products/customised-products.html,301,frontend-migration,legacy flat URL compatibility
/dedicated.html,/pages/global-presence/dedicated.html,301,frontend-migration,legacy flat URL compatibility
/din-standard.html,/pages/standards/din/index.html,301,frontend-migration,legacy flat URL compatibility
/din.html,/pages/standards/din/index.html,301,frontend-migration,legacy flat URL compatibility
/din_standard.html,/pages/standards/din/index.html,301,frontend-migration,legacy flat URL compatibility
/disclaimer.html,/pages/legal/disclaimer.html,301,frontend-migration,legacy flat URL compatibility
/en_14399_hr_hv_bolts.html,/pages/technical-information/en-14399-hr-hv-bolts.html,301,frontend-migration,legacy flat URL compatibility
/engineering_support.html,/pages/technical-information/engineering-support.html,301,frontend-migration,legacy flat URL compatibility
/exhibition.html,/pages/global-presence/global-presence.html,301,frontend-migration,legacy flat URL compatibility
/exhibtion.html,/pages/global-presence/global-presence.html,301,frontend-migration,legacy flat URL compatibility
/faqs.html,/pages/technical-information/technical-intelligence.html#faqs,301,frontend-migration,legacy flat URL compatibility
/fastener-weight-calculator.html,/pages/resources/weight-calculator.html,301,frontend-migration,legacy flat URL compatibility
/featured-spotlight-products.html,/pages/products/featured-spotlight-products.html,301,frontend-migration,legacy flat URL compatibility
/freshers.html,/pages/people/fresher.html,301,frontend-migration,legacy flat URL compatibility
/galvanic-compatibility-matrix.html,/pages/resources/galvanic-compatibility.html,301,frontend-migration,legacy flat URL compatibility
/galvanic-compatibility.html,/pages/resources/galvanic-compatibility.html,301,frontend-migration,legacy flat URL compatibility
/galvanic-matrix.html,/pages/resources/galvanic-compatibility.html,301,frontend-migration,legacy flat URL compatibility
/global-presence.html,/pages/global-presence/global-presence.html,301,frontend-migration,legacy flat URL compatibility
/global_presence.html,/pages/global-presence/global-presence.html,301,frontend-migration,legacy flat URL compatibility
/head-marking-identifier.html,/pages/resources/head-marking.html,301,frontend-migration,legacy flat URL compatibility
/head-marking.html,/pages/resources/head-marking.html,301,frontend-migration,legacy flat URL compatibility
/heat_treatment.html,/pages/technical-information/heat-treatment.html,301,frontend-migration,legacy flat URL compatibility
/high-performance.html,/pages/global-presence/global-presence.html,301,frontend-migration,legacy flat URL compatibility
/high-tensile.html,/pages/products/high-tensile/index.html,301,frontend-migration,legacy flat URL compatibility
/high-tensiles.html,/pages/products/high-tensile/index.html,301,frontend-migration,legacy flat URL compatibility
/high_performance.html,/pages/global-presence/global-presence.html,301,frontend-migration,legacy flat URL compatibility
/high_tensile.html,/pages/products/high-tensile/index.html,301,frontend-migration,legacy flat URL compatibility
/hot_dip_galvanizing.html,/pages/technical-information/hot-dip-galvanizing.html,301,frontend-migration,legacy flat URL compatibility
/index.html,/,301,frontend-migration,legacy flat URL compatibility
/inquiry.html,/pages/forms/send-enquiry.html,301,frontend-migration,legacy flat URL compatibility
/international-standards-cross-reference-guide.html,/pages/products/international-standards-cross-reference-guide.html,301,frontend-migration,legacy flat URL compatibility
/internships.html,/pages/people/internship.html,301,frontend-migration,legacy flat URL compatibility
/iso.html,/pages/standards/iso/index.html,301,frontend-migration,legacy flat URL compatibility
/list-of-standards.html,/pages/standards/list-of-standards.html,301,frontend-migration,legacy flat URL compatibility
/manufacturing-capacity.html,/pages/global-presence/manufacturing-capacity.html,301,frontend-migration,legacy flat URL compatibility
/manufacturing.html,/pages/about-us/manufacturing-capacity.html,301,frontend-migration,legacy flat URL compatibility
/manufacturing_capacity.html,/pages/global-presence/manufacturing-capacity.html,301,frontend-migration,legacy flat URL compatibility
/material_specification.html,/pages/technical-information/material-specification.html,301,frontend-migration,legacy flat URL compatibility
/nut.html,/pages/products/nuts/index.html,301,frontend-migration,legacy flat URL compatibility
/nuts.html,/pages/products/nuts/index.html,301,frontend-migration,legacy flat URL compatibility
/oil-gas.html,/pages/applications/oil-gas.html,301,frontend-migration,legacy flat URL compatibility
/oils-gas.html,/pages/applications/oil-gas.html,301,frontend-migration,legacy flat URL compatibility
/oils_gas.html,/pages/applications/oil-gas.html,301,frontend-migration,legacy flat URL compatibility
/pages/sustainability/sustainibility.html,/pages/sustainability/sustainability.html,301,frontend-migration,filename correction
/people.html,/pages/people/people.html,301,frontend-migration,legacy flat URL compatibility
/pin.html,/pages/products/pins/index.html,301,frontend-migration,legacy flat URL compatibility
/pins.html,/pages/products/pins/index.html,301,frontend-migration,legacy flat URL compatibility
/plug.html,/pages/products/plugs/index.html,301,frontend-migration,legacy flat URL compatibility
/plugs-square-threaded-plugs-expansion-plugs.html,/pages/products/plugs/expansion-plug.html,301,frontend-migration,legacy flat URL compatibility
/plugs-square-threaded-plugs-hex-socket-threaded-plugs.html,/pages/products/plugs/hex-socket-threaded-plug.html,301,frontend-migration,legacy flat URL compatibility
/plugs-square-threaded-plugs-magnetic-plugs.html,/pages/products/plugs/magnetic-plug.html,301,frontend-migration,legacy flat URL compatibility
/plugs-square-threaded-plugs-pipe-plugs.html,/pages/products/plugs/pipe-plug.html,301,frontend-migration,legacy flat URL compatibility
/plugs-square-threaded-plugs-tapered-plugs.html,/pages/products/plugs/tapered-plug.html,301,frontend-migration,legacy flat URL compatibility
/plugs-square-threaded-plugs-threaded-plugs.html,/pages/products/plugs/threaded-plug.html,301,frontend-migration,legacy flat URL compatibility
/plugs.html,/pages/products/plugs/index.html,301,frontend-migration,legacy flat URL compatibility
/pradako-list-of-standards.html,/pages/standards/list-of-standards.html,301,frontend-migration,legacy flat URL compatibility
/pradako_list_of_standards.html,/pages/standards/list-of-standards.html,301,frontend-migration,legacy flat URL compatibility
/privacy.html,/pages/legal/privacy.html,301,frontend-migration,legacy flat URL compatibility
/products-socket-screws.html,/pages/products/screws/socket-screws.html,301,frontend-migration,legacy flat URL compatibility
/products.html,/pages/products/products.html,301,frontend-migration,legacy flat URL compatibility
/rapidprototype.html,/pages/global-presence/rapidprototype.html,301,frontend-migration,legacy flat URL compatibility
/rapidprotype.html,/pages/global-presence/rapidprototype.html,301,frontend-migration,legacy flat URL compatibility
/research-development.html,/pages/quality-manufacturing/research-development.html,301,frontend-migration,legacy flat URL compatibility
/rivet.html,/pages/products/rivets/index.html,301,frontend-migration,legacy flat URL compatibility
/rivets.html,/pages/products/rivets/index.html,301,frontend-migration,legacy flat URL compatibility
/rnd.html,/pages/quality-manufacturing/research-development.html,301,frontend-migration,legacy flat URL compatibility
/salt_spray_corrosion_protection.html,/pages/technical-information/salt-spray-corrosion-protection.html,301,frontend-migration,legacy flat URL compatibility
/screw.html,/pages/products/screws/index.html,301,frontend-migration,legacy flat URL compatibility
/screws-universal-screws-sems-screws-mounted-washers.html,/pages/products/screws/sems-screws-mounted-washer.html,301,frontend-migration,legacy flat URL compatibility
/screws-universal-screws-torx-with-pins.html,/pages/products/screws/torx-with-pin.html,301,frontend-migration,legacy flat URL compatibility
/screws.html,/pages/products/screws/index.html,301,frontend-migration,legacy flat URL compatibility
/sem-screw.html,/pages/products/screws/sems-screws.html,301,frontend-migration,legacy flat URL compatibility
/sem_screw.html,/pages/products/screws/sems-screws.html,301,frontend-migration,legacy flat URL compatibility
/sfs-list-of-standards.html,/pages/standards/sfs/index.html,301,frontend-migration,legacy flat URL compatibility
/sfs_list_of_standards.html,/pages/standards/sfs/index.html,301,frontend-migration,legacy flat URL compatibility
/socket-screws.html,/pages/products/screws/socket-screws.html,301,frontend-migration,legacy flat URL compatibility
/specifications.html,/pages/specifications/specifications.html,301,frontend-migration,legacy flat URL compatibility
/specifications/aashto/aashto-m164/index.html,/pages/specifications/aashto/aashto-m164.html,301,historical-specification,AASHTO M164
/specifications/aashto/aashto-m232/index.html,/pages/specifications/aashto/aashto-m232m-m232-25.html,301,historical-specification,AASHTO M232M/M232-25
/specifications/aashto/aashto-m253/index.html,/pages/specifications/aashto/aashto-m253.html,301,historical-specification,AASHTO M253
/specifications/aashto/aashto-m291/index.html,/pages/specifications/aashto/aashto-m291.html,301,historical-specification,AASHTO M291
/specifications/aashto/aashto-m292/index.html,/pages/specifications/aashto/aashto-m292m-m292-25.html,301,historical-specification,AASHTO M292M/M292-25
/specifications/aashto/aashto-m293/index.html,/pages/specifications/aashto/aashto-m293.html,301,historical-specification,AASHTO M293
/specifications/aashto/aashto-m314/index.html,/pages/specifications/aashto/aashto-m314-90-2022.html,301,historical-specification,AASHTO M314-90 (2022)
/specifications/asme/asme-b18-21-1/index.html,/pages/specifications/asme/asme-b18-21-1-2009-r2016.html,301,historical-specification,ASME B18.21.1-2009 (R2016)
/specifications/astm/a1099-a1099m/index.html,/pages/specifications/astm/astm-a1099-a1099m.html,301,historical-specification,ASTM A1099/A1099M
/specifications/astm/a181-a181m/index.html,/pages/specifications/astm/astm-a181-a181m.html,301,historical-specification,ASTM A181/A181M
/specifications/astm/a183/index.html,/pages/specifications/astm/astm-a183.html,301,historical-specification,ASTM A183
/specifications/astm/a266-a266m/index.html,/pages/specifications/astm/astm-a266-a266m.html,301,historical-specification,ASTM A266/A266M
/specifications/astm/a336-a336m/index.html,/pages/specifications/astm/astm-a336-a336m.html,301,historical-specification,ASTM A336/A336M
/specifications/astm/a563m/index.html,/pages/specifications/astm/astm-a563m.html,301,historical-specification,ASTM A563M
/specifications/astm/a574m/index.html,/pages/specifications/astm/astm-a574m.html,301,historical-specification,ASTM A574M
/specifications/astm/a693/index.html,/pages/specifications/astm/astm-a693.html,301,historical-specification,ASTM A693
/specifications/astm/astm-a1014-a1014m/index.html,/pages/specifications/astm/astm-a1014-a1014m.html,301,historical-specification,ASTM A1014/A1014M
/specifications/astm/astm-a105/index.html,/pages/specifications/astm/astm-a105-a105m.html,301,historical-specification,ASTM A105/A105M
/specifications/astm/astm-a108/index.html,/pages/specifications/astm/astm-a108.html,301,historical-specification,ASTM A108
/specifications/astm/astm-a1082-a1082m/index.html,/pages/specifications/astm/astm-a1082-a1082m.html,301,historical-specification,ASTM A1082/A1082M
/specifications/astm/astm-a153-a153m/index.html,/pages/specifications/astm/astm-a153-a153m.html,301,historical-specification,ASTM A153/A153M
/specifications/astm/astm-a182/index.html,/pages/specifications/astm/astm-a182-a182m.html,301,historical-specification,ASTM A182/A182M
/specifications/astm/astm-a193-a193m/index.html,/pages/specifications/astm/astm-a193-a193m.html,301,historical-specification,ASTM A193/A193M
/specifications/astm/astm-a194-a194m/index.html,/pages/specifications/astm/astm-a194-a194m.html,301,historical-specification,ASTM A194/A194M
/specifications/astm/astm-a240/index.html,/pages/specifications/astm/astm-a240-a240m.html,301,historical-specification,ASTM A240/A240M
/specifications/astm/astm-a276/index.html,/pages/specifications/astm/astm-a276-a276m.html,301,historical-specification,ASTM A276/A276M
/specifications/astm/astm-a29/index.html,/pages/specifications/astm/astm-a29-a29m.html,301,historical-specification,ASTM A29/A29M
/specifications/astm/astm-a307/index.html,/pages/specifications/astm/astm-a307.html,301,historical-specification,ASTM A307
/specifications/astm/astm-a320-a320m/index.html,/pages/specifications/astm/astm-a320-a320m.html,301,historical-specification,ASTM A320/A320M
/specifications/astm/astm-a325/index.html,/pages/specifications/astm/astm-a325.html,301,historical-specification,ASTM A325
/specifications/astm/astm-a350/index.html,/pages/specifications/astm/astm-a350-a350m.html,301,historical-specification,ASTM A350/A350M
/specifications/astm/astm-a354/index.html,/pages/specifications/astm/astm-a354.html,301,historical-specification,ASTM A354
/specifications/astm/astm-a36-a36m/index.html,/pages/specifications/astm/astm-a36-a36m.html,301,historical-specification,ASTM A36/A36M
/specifications/astm/astm-a394/index.html,/pages/specifications/astm/astm-a394.html,301,historical-specification,ASTM A394
/specifications/astm/astm-a437-a437m/index.html,/pages/specifications/astm/astm-a437-a437m.html,301,historical-specification,ASTM A437/A437M
/specifications/astm/astm-a449/index.html,/pages/specifications/astm/astm-a449.html,301,historical-specification,ASTM A449
/specifications/astm/astm-a453-a453m/index.html,/pages/specifications/astm/astm-a453-a453m.html,301,historical-specification,ASTM A453/A453M
/specifications/astm/astm-a47-a47m/index.html,/pages/specifications/astm/astm-a47-a47m.html,301,historical-specification,ASTM A47/A47M
/specifications/astm/astm-a479/index.html,/pages/specifications/astm/astm-a479-a479m.html,301,historical-specification,ASTM A479/A479M
/specifications/astm/astm-a48-a48m/index.html,/pages/specifications/astm/astm-a48-a48m.html,301,historical-specification,ASTM A48/A48M
/specifications/astm/astm-a489/index.html,/pages/specifications/astm/astm-a489.html,301,historical-specification,ASTM A489
/specifications/astm/astm-a490/index.html,/pages/specifications/astm/astm-a490.html,301,historical-specification,ASTM A490
/specifications/astm/astm-a522/index.html,/pages/specifications/astm/astm-a522-a522m.html,301,historical-specification,ASTM A522/A522M
/specifications/astm/astm-a529/index.html,/pages/specifications/astm/astm-a529-a529m.html,301,historical-specification,ASTM A529/A529M
/specifications/astm/astm-a536/index.html,/pages/specifications/astm/astm-a536.html,301,historical-specification,ASTM A536
/specifications/astm/astm-a540-a540m/index.html,/pages/specifications/astm/astm-a540-a540m.html,301,historical-specification,ASTM A540/A540M
/specifications/astm/astm-a541/index.html,/pages/specifications/astm/astm-a541-a541m.html,301,historical-specification,ASTM A541/A541M
/specifications/astm/astm-a563-a563m/index.html,/pages/specifications/astm/astm-a563-a563m.html,301,historical-specification,ASTM A563/A563M
/specifications/astm/astm-a564/index.html,/pages/specifications/astm/astm-a564-a564m.html,301,historical-specification,ASTM A564/A564M
/specifications/astm/astm-a572/index.html,/pages/specifications/astm/astm-a572-a572m.html,301,historical-specification,ASTM A572/A572M
/specifications/astm/astm-a574/index.html,/pages/specifications/astm/astm-a574.html,301,historical-specification,ASTM A574
/specifications/astm/astm-a576/index.html,/pages/specifications/astm/astm-a576.html,301,historical-specification,ASTM A576
/specifications/astm/astm-a582/index.html,/pages/specifications/astm/astm-a582-a582m.html,301,historical-specification,ASTM A582/A582M
/specifications/astm/astm-a588-a588m/index.html,/pages/specifications/astm/astm-a588-a588m.html,301,historical-specification,ASTM A588/A588M
/specifications/astm/astm-a592/index.html,/pages/specifications/astm/astm-a592-a592m.html,301,historical-specification,ASTM A592/A592M
/specifications/astm/astm-a615-a615m/index.html,/pages/specifications/astm/astm-a615-a615m.html,301,historical-specification,ASTM A615/A615M
/specifications/astm/astm-a638/index.html,/pages/specifications/astm/astm-a638-a638m.html,301,historical-specification,ASTM A638/A638M
/specifications/astm/astm-a668-a668m/index.html,/pages/specifications/astm/astm-a668-a668m.html,301,historical-specification,ASTM A668/A668M
/specifications/astm/astm-a694/index.html,/pages/specifications/astm/astm-a694-a694m.html,301,historical-specification,ASTM A694/A694M
/specifications/astm/astm-a705/index.html,/pages/specifications/astm/astm-a705-a705m.html,301,historical-specification,ASTM A705/A705M
/specifications/astm/astm-a706-a706m/index.html,/pages/specifications/astm/astm-a706-a706m.html,301,historical-specification,ASTM A706/A706M
/specifications/astm/astm-a707/index.html,/pages/specifications/astm/astm-a707-a707m.html,301,historical-specification,ASTM A707/A707M
/specifications/astm/astm-a727/index.html,/pages/specifications/astm/astm-a727-a727m.html,301,historical-specification,ASTM A727/A727M
/specifications/astm/astm-a836/index.html,/pages/specifications/astm/astm-a836-a836m.html,301,historical-specification,ASTM A836/A836M
/specifications/astm/astm-a965/index.html,/pages/specifications/astm/astm-a965-a965m.html,301,historical-specification,ASTM A965/A965M
/specifications/astm/astm-b103/index.html,/pages/specifications/astm/astm-b103-b103m.html,301,historical-specification,ASTM B103/B103M
/specifications/astm/astm-b121/index.html,/pages/specifications/astm/astm-b121-b121m.html,301,historical-specification,ASTM B121/B121M
/specifications/astm/astm-b122/index.html,/pages/specifications/astm/astm-b122-b122m.html,301,historical-specification,ASTM B122/B122M
/specifications/astm/astm-b124/index.html,/pages/specifications/astm/astm-b124-b124m.html,301,historical-specification,ASTM B124/B124M
/specifications/astm/astm-b127/index.html,/pages/specifications/astm/astm-b127.html,301,historical-specification,ASTM B127
/specifications/astm/astm-b134/index.html,/pages/specifications/astm/astm-b134-b134m.html,301,historical-specification,ASTM B134/B134M
/specifications/astm/astm-b139/index.html,/pages/specifications/astm/astm-b139-b139m.html,301,historical-specification,ASTM B139/B139M
/specifications/astm/astm-b150/index.html,/pages/specifications/astm/astm-b150-b150m.html,301,historical-specification,ASTM B150/B150M
/specifications/astm/astm-b151/index.html,/pages/specifications/astm/astm-b151-b151m.html,301,historical-specification,ASTM B151/B151M
/specifications/astm/astm-b16/index.html,/pages/specifications/astm/astm-b16-b16m.html,301,historical-specification,ASTM B16/B16M
/specifications/astm/astm-b160/index.html,/pages/specifications/astm/astm-b160.html,301,historical-specification,ASTM B160
/specifications/astm/astm-b162/index.html,/pages/specifications/astm/astm-b162.html,301,historical-specification,ASTM B162
/specifications/astm/astm-b164/index.html,/pages/specifications/astm/astm-b164.html,301,historical-specification,ASTM B164
/specifications/astm/astm-b166/index.html,/pages/specifications/astm/astm-b166.html,301,historical-specification,ASTM B166
/specifications/astm/astm-b168/index.html,/pages/specifications/astm/astm-b168.html,301,historical-specification,ASTM B168
/specifications/astm/astm-b169/index.html,/pages/specifications/astm/astm-b169-b169m.html,301,historical-specification,ASTM B169/B169M
/specifications/astm/astm-b171/index.html,/pages/specifications/astm/astm-b171-b171m.html,301,historical-specification,ASTM B171/B171M
/specifications/astm/astm-b265/index.html,/pages/specifications/astm/astm-b265.html,301,historical-specification,ASTM B265
/specifications/astm/astm-b335/index.html,/pages/specifications/astm/astm-b335.html,301,historical-specification,ASTM B335
/specifications/astm/astm-b348/index.html,/pages/specifications/astm/astm-b348-b348m.html,301,historical-specification,ASTM B348/B348M
/specifications/astm/astm-b36/index.html,/pages/specifications/astm/astm-b36-b36m.html,301,historical-specification,ASTM B36/B36M
/specifications/astm/astm-b365/index.html,/pages/specifications/astm/astm-b365.html,301,historical-specification,ASTM B365
/specifications/astm/astm-b381/index.html,/pages/specifications/astm/astm-b381.html,301,historical-specification,ASTM B381
/specifications/astm/astm-b387/index.html,/pages/specifications/astm/astm-b387-b387m.html,301,historical-specification,ASTM B387/B387M
/specifications/astm/astm-b408/index.html,/pages/specifications/astm/astm-b408.html,301,historical-specification,ASTM B408
/specifications/astm/astm-b409/index.html,/pages/specifications/astm/astm-b409.html,301,historical-specification,ASTM B409
/specifications/astm/astm-b424/index.html,/pages/specifications/astm/astm-b424.html,301,historical-specification,ASTM B424
/specifications/astm/astm-b425/index.html,/pages/specifications/astm/astm-b425.html,301,historical-specification,ASTM B425
/specifications/astm/astm-b446/index.html,/pages/specifications/astm/astm-b446.html,301,historical-specification,ASTM B446
/specifications/astm/astm-b462/index.html,/pages/specifications/astm/astm-b462.html,301,historical-specification,ASTM B462
/specifications/astm/astm-b473/index.html,/pages/specifications/astm/astm-b473.html,301,historical-specification,ASTM B473
/specifications/astm/astm-b493/index.html,/pages/specifications/astm/astm-b493-b493m.html,301,historical-specification,ASTM B493/B493M
/specifications/astm/astm-b550/index.html,/pages/specifications/astm/astm-b550-b550m.html,301,historical-specification,ASTM B550/B550M
/specifications/astm/astm-b551/index.html,/pages/specifications/astm/astm-b551-b551m.html,301,historical-specification,ASTM B551/B551M
/specifications/astm/astm-b564/index.html,/pages/specifications/astm/astm-b564.html,301,historical-specification,ASTM B564
/specifications/astm/astm-b572/index.html,/pages/specifications/astm/astm-b572.html,301,historical-specification,ASTM B572
/specifications/astm/astm-b574/index.html,/pages/specifications/astm/astm-b574.html,301,historical-specification,ASTM B574
/specifications/astm/astm-b637/index.html,/pages/specifications/astm/astm-b637.html,301,historical-specification,ASTM B637
/specifications/astm/astm-b695/index.html,/pages/specifications/astm/astm-b695.html,301,historical-specification,ASTM B695
/specifications/astm/astm-b708/index.html,/pages/specifications/astm/astm-b708.html,301,historical-specification,ASTM B708
/specifications/astm/astm-b805/index.html,/pages/specifications/astm/astm-b805.html,301,historical-specification,ASTM B805
/specifications/astm/astm-b865/index.html,/pages/specifications/astm/astm-b865.html,301,historical-specification,ASTM B865
/specifications/astm/astm-b98/index.html,/pages/specifications/astm/astm-b98-b98m.html,301,historical-specification,ASTM B98/B98M
/specifications/astm/astm-f1554/index.html,/pages/specifications/astm/astm-f1554.html,301,historical-specification,ASTM F1554
/specifications/astm/astm-f1941-f1941m/index.html,/pages/specifications/astm/astm-f1941-f1941m.html,301,historical-specification,ASTM F1941/F1941M
/specifications/astm/astm-f2281/index.html,/pages/specifications/astm/astm-f2281.html,301,historical-specification,ASTM F2281
/specifications/astm/astm-f2329-f2329m/index.html,/pages/specifications/astm/astm-f2329-f2329m.html,301,historical-specification,ASTM F2329/F2329M
/specifications/astm/astm-f3125-f3125m/index.html,/pages/specifications/astm/astm-f3125-f3125m.html,301,historical-specification,ASTM F3125/F3125M
/specifications/astm/astm-f436-f436m/index.html,/pages/specifications/astm/astm-f436-f436m.html,301,historical-specification,ASTM F436/F436M
/specifications/astm/astm-f467/index.html,/pages/specifications/astm/astm-f467.html,301,historical-specification,ASTM F467
/specifications/astm/astm-f468/index.html,/pages/specifications/astm/astm-f468.html,301,historical-specification,ASTM F468
/specifications/astm/astm-f593/index.html,/pages/specifications/astm/astm-f593.html,301,historical-specification,ASTM F593
/specifications/astm/astm-f594/index.html,/pages/specifications/astm/astm-f594.html,301,historical-specification,ASTM F594
/specifications/astm/astm-f837/index.html,/pages/specifications/astm/astm-f837.html,301,historical-specification,ASTM F837
/specifications/astm/astm-f844/index.html,/pages/specifications/astm/astm-f844.html,301,historical-specification,ASTM F844
/specifications/astm/astm-f879/index.html,/pages/specifications/astm/astm-f879.html,301,historical-specification,ASTM F879
/specifications/astm/astm-f880/index.html,/pages/specifications/astm/astm-f880.html,301,historical-specification,ASTM F880
/specifications/astm/b927-b927m/index.html,/pages/specifications/astm/astm-b927-b927m.html,301,historical-specification,ASTM B927/B927M
/specifications/astm/b96-b96m/index.html,/pages/specifications/astm/astm-b96-b96m.html,301,historical-specification,ASTM B96/B96M
/specifications/astm/b99-b99m/index.html,/pages/specifications/astm/astm-b99-b99m.html,301,historical-specification,ASTM B99/B99M
/specifications/astm/f568m/index.html,/pages/specifications/astm/astm-f568m.html,301,historical-specification,ASTM F568M
/specifications/astm/f738m/index.html,/pages/specifications/astm/astm-f738m.html,301,historical-specification,ASTM F738M
/specifications/astm/f835m/index.html,/pages/specifications/astm/astm-f835m.html,301,historical-specification,ASTM F835M
/specifications/astm/f836m/index.html,/pages/specifications/astm/astm-f836m.html,301,historical-specification,ASTM F836M
/specifications/astm/f837m/index.html,/pages/specifications/astm/astm-f837m.html,301,historical-specification,ASTM F837M
/specifications/astm/f879m/index.html,/pages/specifications/astm/astm-f879m.html,301,historical-specification,ASTM F879M
/specifications/astm/f880m/index.html,/pages/specifications/astm/astm-f880m.html,301,historical-specification,ASTM F880M
/specifications/bs-en/1515-4-2021/index.html,/pages/specifications/bs-en/bs-en-1515-4.html,301,historical-specification,BS EN 1515-4:2021
/specifications/bs/3692-2014/index.html,/pages/specifications/bs/bs-3692.html,301,historical-specification,BS 3692:2014
/specifications/bs/4190-2014/index.html,/pages/specifications/bs/bs-4190.html,301,historical-specification,BS 4190:2014
/specifications/bs/bs-3076/index.html,/pages/specifications/bs/bs-3076.html,301,historical-specification,BS 3076:1989
/specifications/csa/csa-g40-21/index.html,/pages/specifications/csa/csa-g40-21-13-r2023.html,301,historical-specification,CSA G40.21-13 (R2023)
/specifications/din/din-17240/index.html,/pages/specifications/din/din-17240-1976-07.html,301,historical-specification,DIN 17240:1976-07
/specifications/en/en-10088-3/index.html,/pages/specifications/en/en-10088-3.html,301,historical-specification,EN 10088-3
/specifications/en/en-10095/index.html,/pages/specifications/en/en-10095.html,301,historical-specification,EN 10095:1999
/specifications/en/en-10269/index.html,/pages/specifications/en/en-10269.html,301,historical-specification,EN 10269:2013
/specifications/iso/iso-3506-1/index.html,/pages/specifications/iso/iso-3506-1.html,301,historical-specification,ISO 3506-1:2020
/specifications/iso/iso-3506-2/index.html,/pages/specifications/iso/iso-3506-2.html,301,historical-specification,ISO 3506-2:2020
/specifications/iso/iso-3506-3/index.html,/pages/specifications/iso/iso-3506-3.html,301,historical-specification,ISO 3506-3:2025
/specifications/iso/iso-3506-4/index.html,/pages/specifications/iso/iso-3506-4.html,301,historical-specification,ISO 3506-4:2025
/specifications/iso/iso-898-1/index.html,/pages/specifications/iso/iso-898-1.html,301,historical-specification,ISO 898-1:2013
/specifications/iso/iso-898-2/index.html,/pages/specifications/iso/iso-898-2.html,301,historical-specification,ISO 898-2:2022
/specifications/iso/iso-898-3/index.html,/pages/specifications/iso/iso-898-3.html,301,historical-specification,ISO 898-3:2018
/specifications/iso/iso-898-5/index.html,/pages/specifications/iso/iso-898-5.html,301,historical-specification,ISO 898-5:2012
/specifications/iso/iso-898-6/index.html,/pages/specifications/iso/iso-898-6.html,301,historical-specification,ISO 898-6:1994
/specifications/sae/sae-j429/index.html,/pages/specifications/sae/sae-j429.html,301,historical-specification,SAE J429
/specifications/sae/sae-j995/index.html,/pages/specifications/sae/sae-j995.html,301,historical-specification,SAE J995
/stainless-steel.html,/pages/products/stainless-steel/index.html,301,frontend-migration,legacy flat URL compatibility
/stainless-steels.html,/pages/products/stainless-steel/index.html,301,frontend-migration,legacy flat URL compatibility
/stainless_steel.html,/pages/products/stainless-steel/index.html,301,frontend-migration,legacy flat URL compatibility
/stainless_steel_material.html,/pages/technical-information/stainless-steel-material.html,301,frontend-migration,legacy flat URL compatibility
/standard-products.html,/pages/products/standard-products.html,301,frontend-migration,legacy flat URL compatibility
/strategic-industry.html,/pages/global-presence/global-presence.html,301,frontend-migration,legacy flat URL compatibility
/strategic_industry.html,/pages/global-presence/global-presence.html,301,frontend-migration,legacy flat URL compatibility
/stud.html,/pages/products/studs/index.html,301,frontend-migration,legacy flat URL compatibility
/studs.html,/pages/products/studs/index.html,301,frontend-migration,legacy flat URL compatibility
/sustainability.html,/pages/sustainability/sustainability.html,301,frontend-migration,legacy flat URL compatibility
/sustainibility.html,/pages/sustainability/sustainability.html,301,frontend-migration,legacy flat URL compatibility
/switch-gear.html,/pages/applications/electronics.html,301,frontend-migration,legacy flat URL compatibility
/switch_gear.html,/pages/applications/electronics.html,301,frontend-migration,legacy flat URL compatibility
/technical-intelligence.html,/pages/technical-information/technical-intelligence.html,301,frontend-migration,legacy flat URL compatibility
/technical.html,/pages/technical-information/technical-intelligence.html,301,frontend-migration,legacy flat URL compatibility
/technical_intelligence.html,/pages/technical-information/technical-intelligence.html,301,frontend-migration,legacy flat URL compatibility
/terms-of-use.html,/pages/legal/terms-of-use.html,301,frontend-migration,legacy flat URL compatibility
/terms_of_use.html,/pages/legal/terms-of-use.html,301,frontend-migration,legacy flat URL compatibility
/thread-pitch-reference.html,/pages/resources/thread-tap-drill.html,301,frontend-migration,legacy flat URL compatibility
/thread-pitch-tap-drill.html,/pages/resources/thread-tap-drill.html,301,frontend-migration,legacy flat URL compatibility
/thread-tap-drill.html,/pages/resources/thread-tap-drill.html,301,frontend-migration,legacy flat URL compatibility
/threaded-rod.html,/pages/products/threaded-rods/index.html,301,frontend-migration,legacy flat URL compatibility
/threaded-rods.html,/pages/products/threaded-rods/index.html,301,frontend-migration,legacy flat URL compatibility
/threaded_rod.html,/pages/products/threaded-rods/index.html,301,frontend-migration,legacy flat URL compatibility
/threading_drive_types.html,/pages/technical-information/threading-drive-types.html,301,frontend-migration,legacy flat URL compatibility
/torque-calculator.html,/pages/resources/torque-calculator.html,301,frontend-migration,legacy flat URL compatibility
/torque_calculator.html,/pages/resources/torque-calculator.html,301,frontend-migration,legacy flat URL compatibility
/une-list-of-standards.html,/pages/standards/une/index.html,301,frontend-migration,legacy flat URL compatibility
/une_list_of_standards.html,/pages/standards/une/index.html,301,frontend-migration,legacy flat URL compatibility
/unit-converter.html,/pages/resources/unit-converter.html,301,frontend-migration,legacy flat URL compatibility
/vdi-2230-calculator.html,/pages/resources/torque-calculator.html,301,frontend-migration,legacy flat URL compatibility
/vdi-2230-torque-calculator.html,/pages/resources/torque-calculator.html,301,frontend-migration,legacy flat URL compatibility
/warehouse-packing.html,/pages/global-presence/warehouse-packing.html,301,frontend-migration,legacy flat URL compatibility
/warehouse_packing.html,/pages/global-presence/warehouse-packing.html,301,frontend-migration,legacy flat URL compatibility
/washer.html,/pages/products/washers/index.html,301,frontend-migration,legacy flat URL compatibility
/washers.html,/pages/products/washers/index.html,301,frontend-migration,legacy flat URL compatibility
/weight-calculator.html,/pages/resources/weight-calculator.html,301,frontend-migration,legacy flat URL compatibility
/weight-charts.html,/pages/resources/weight-calculator.html,301,frontend-migration,legacy flat URL compatibility
/weight_calculator.html,/pages/resources/weight-calculator.html,301,frontend-migration,legacy flat URL compatibility
/weight_charts.html,/pages/resources/weight-calculator.html,301,frontend-migration,legacy flat URL compatibility
/zinc_flake_coating.html,/pages/technical-information/zinc-flake-coating.html,301,frontend-migration,legacy flat URL compatibility
