Old Path,New Path,Pradako ID,Standard
specifications/astm/astm-a36-a36m/index.html,specifications/astm/astm-a36-a36m.html,PRA-SPC-00001,ASTM A36/A36M
specifications/astm/astm-a47-a47m/index.html,specifications/astm/astm-a47-a47m.html,PRA-SPC-00002,ASTM A47/A47M
specifications/astm/astm-a48-a48m/index.html,specifications/astm/astm-a48-a48m.html,PRA-SPC-00003,ASTM A48/A48M
specifications/astm/astm-a153-a153m/index.html,specifications/astm/astm-a153-a153m.html,PRA-SPC-00005,ASTM A153/A153M
specifications/astm/astm-a193-a193m/index.html,specifications/astm/astm-a193-a193m.html,PRA-SPC-00006,ASTM A193/A193M
specifications/astm/astm-a194-a194m/index.html,specifications/astm/astm-a194-a194m.html,PRA-SPC-00007,ASTM A194/A194M
specifications/astm/astm-a307/index.html,specifications/astm/astm-a307.html,PRA-SPC-00008,ASTM A307
specifications/astm/astm-a320-a320m/index.html,specifications/astm/astm-a320-a320m.html,PRA-SPC-00009,ASTM A320/A320M
specifications/astm/astm-a325/index.html,specifications/astm/astm-a325.html,PRA-SPC-00010,ASTM A325
specifications/astm/astm-a354/index.html,specifications/astm/astm-a354.html,PRA-SPC-00012,ASTM A354
specifications/astm/astm-a394/index.html,specifications/astm/astm-a394.html,PRA-SPC-00013,ASTM A394
specifications/astm/astm-a449/index.html,specifications/astm/astm-a449.html,PRA-SPC-00014,ASTM A449
specifications/astm/astm-a490/index.html,specifications/astm/astm-a490.html,PRA-SPC-00015,ASTM A490
specifications/astm/astm-a536/index.html,specifications/astm/astm-a536.html,PRA-SPC-00017,ASTM A536
specifications/astm/astm-a563-a563m/index.html,specifications/astm/astm-a563-a563m.html,PRA-SPC-00018,ASTM A563/A563M
specifications/astm/astm-a572/index.html,specifications/astm/astm-a572-a572m.html,PRA-SPC-00019,ASTM A572/A572M
specifications/astm/astm-a574/index.html,specifications/astm/astm-a574.html,PRA-SPC-00020,ASTM A574
specifications/astm/astm-a588-a588m/index.html,specifications/astm/astm-a588-a588m.html,PRA-SPC-00021,ASTM A588/A588M
specifications/astm/astm-a615-a615m/index.html,specifications/astm/astm-a615-a615m.html,PRA-SPC-00022,ASTM A615/A615M
specifications/astm/astm-a668-a668m/index.html,specifications/astm/astm-a668-a668m.html,PRA-SPC-00023,ASTM A668/A668M
specifications/astm/astm-a706-a706m/index.html,specifications/astm/astm-a706-a706m.html,PRA-SPC-00024,ASTM A706/A706M
specifications/astm/astm-b695/index.html,specifications/astm/astm-b695.html,PRA-SPC-00026,ASTM B695
specifications/astm/astm-f436-f436m/index.html,specifications/astm/astm-f436-f436m.html,PRA-SPC-00028,ASTM F436/F436M
specifications/astm/astm-f593/index.html,specifications/astm/astm-f593.html,PRA-SPC-00029,ASTM F593
specifications/astm/astm-f594/index.html,specifications/astm/astm-f594.html,PRA-SPC-00030,ASTM F594
specifications/astm/astm-f837/index.html,specifications/astm/astm-f837.html,PRA-SPC-00035,ASTM F837
specifications/astm/astm-f844/index.html,specifications/astm/astm-f844.html,PRA-SPC-00036,ASTM F844
specifications/astm/astm-f879/index.html,specifications/astm/astm-f879.html,PRA-SPC-00037,ASTM F879
specifications/astm/astm-f880/index.html,specifications/astm/astm-f880.html,PRA-SPC-00038,ASTM F880
specifications/astm/astm-f1554/index.html,specifications/astm/astm-f1554.html,PRA-SPC-00042,ASTM F1554
specifications/astm/astm-f1941-f1941m/index.html,specifications/astm/astm-f1941-f1941m.html,PRA-SPC-00046,ASTM F1941/F1941M
specifications/astm/astm-f2329-f2329m/index.html,specifications/astm/astm-f2329-f2329m.html,PRA-SPC-00049,ASTM F2329/F2329M
specifications/astm/astm-f3125-f3125m/index.html,specifications/astm/astm-f3125-f3125m.html,PRA-SPC-00055,ASTM F3125/F3125M
specifications/astm/astm-a437-a437m/index.html,specifications/astm/astm-a437-a437m.html,PRA-SPC-00059,ASTM A437/A437M
specifications/astm/astm-a453-a453m/index.html,specifications/astm/astm-a453-a453m.html,PRA-SPC-00060,ASTM A453/A453M
specifications/astm/astm-a489/index.html,specifications/astm/astm-a489.html,PRA-SPC-00061,ASTM A489
specifications/astm/astm-a540-a540m/index.html,specifications/astm/astm-a540-a540m.html,PRA-SPC-00063,ASTM A540/A540M
specifications/astm/astm-a1014-a1014m/index.html,specifications/astm/astm-a1014-a1014m.html,PRA-SPC-00064,ASTM A1014/A1014M
specifications/astm/astm-a1082-a1082m/index.html,specifications/astm/astm-a1082-a1082m.html,PRA-SPC-00065,ASTM A1082/A1082M
specifications/astm/astm-f467/index.html,specifications/astm/astm-f467.html,PRA-SPC-00067,ASTM F467
specifications/astm/astm-f468/index.html,specifications/astm/astm-f468.html,PRA-SPC-00069,ASTM F468
specifications/astm/astm-f2281/index.html,specifications/astm/astm-f2281.html,PRA-SPC-00076,ASTM F2281
specifications/iso/iso-898-1/index.html,specifications/iso/iso-898-1.html,PRA-SPC-00084,ISO 898-1:2013
specifications/iso/iso-898-2/index.html,specifications/iso/iso-898-2.html,PRA-SPC-00085,ISO 898-2:2022
specifications/iso/iso-898-3/index.html,specifications/iso/iso-898-3.html,PRA-SPC-00086,ISO 898-3:2018
specifications/iso/iso-898-5/index.html,specifications/iso/iso-898-5.html,PRA-SPC-00087,ISO 898-5:2012
specifications/iso/iso-898-6/index.html,specifications/iso/iso-898-6.html,PRA-SPC-00088,ISO 898-6:1994
specifications/iso/iso-3506-1/index.html,specifications/iso/iso-3506-1.html,PRA-SPC-00089,ISO 3506-1:2020
specifications/iso/iso-3506-2/index.html,specifications/iso/iso-3506-2.html,PRA-SPC-00090,ISO 3506-2:2020
specifications/iso/iso-3506-3/index.html,specifications/iso/iso-3506-3.html,PRA-SPC-00091,ISO 3506-3:2025
specifications/iso/iso-3506-4/index.html,specifications/iso/iso-3506-4.html,PRA-SPC-00092,ISO 3506-4:2025
specifications/en/en-10088-3/index.html,specifications/en/en-10088-3.html,PRA-SPC-00196,EN 10088-3
specifications/en/en-10095/index.html,specifications/en/en-10095.html,PRA-SPC-00200,EN 10095:1999
specifications/en/en-10269/index.html,specifications/en/en-10269.html,PRA-SPC-00205,EN 10269:2013
specifications/sae/sae-j429/index.html,specifications/sae/sae-j429.html,PRA-SPC-00427,SAE J429
specifications/sae/sae-j995/index.html,specifications/sae/sae-j995.html,PRA-SPC-00434,SAE J995
specifications/aashto/aashto-m164/index.html,specifications/aashto/aashto-m164.html,PRA-SPC-00546,AASHTO M164
specifications/aashto/aashto-m232/index.html,specifications/aashto/aashto-m232m-m232-25.html,PRA-SPC-00547,AASHTO M232M/M232-25
specifications/aashto/aashto-m253/index.html,specifications/aashto/aashto-m253.html,PRA-SPC-00548,AASHTO M253
specifications/aashto/aashto-m291/index.html,specifications/aashto/aashto-m291.html,PRA-SPC-00549,AASHTO M291
specifications/aashto/aashto-m292/index.html,specifications/aashto/aashto-m292m-m292-25.html,PRA-SPC-00550,AASHTO M292M/M292-25
specifications/aashto/aashto-m293/index.html,specifications/aashto/aashto-m293.html,PRA-SPC-00551,AASHTO M293
specifications/aashto/aashto-m314/index.html,specifications/aashto/aashto-m314-90-2022.html,PRA-SPC-00552,AASHTO M314-90 (2022)
specifications/asme/asme-b18-21-1/index.html,specifications/asme/asme-b18-21-1-2009-r2016.html,PRA-SPC-00553,ASME B18.21.1-2009 (R2016)
specifications/csa/csa-g40-21/index.html,specifications/csa/csa-g40-21-13-r2023.html,PRA-SPC-00554,CSA G40.21-13 (R2023)
specifications/astm/astm-a105/index.html,specifications/astm/astm-a105-a105m.html,PRA-SPC-00555,ASTM A105/A105M
specifications/astm/astm-a108/index.html,specifications/astm/astm-a108.html,PRA-SPC-00556,ASTM A108
specifications/astm/astm-a182/index.html,specifications/astm/astm-a182-a182m.html,PRA-SPC-00557,ASTM A182/A182M
specifications/astm/astm-a240/index.html,specifications/astm/astm-a240-a240m.html,PRA-SPC-00558,ASTM A240/A240M
specifications/astm/astm-a276/index.html,specifications/astm/astm-a276-a276m.html,PRA-SPC-00559,ASTM A276/A276M
specifications/astm/astm-a29/index.html,specifications/astm/astm-a29-a29m.html,PRA-SPC-00560,ASTM A29/A29M
specifications/astm/astm-a350/index.html,specifications/astm/astm-a350-a350m.html,PRA-SPC-00561,ASTM A350/A350M
specifications/astm/astm-a479/index.html,specifications/astm/astm-a479-a479m.html,PRA-SPC-00562,ASTM A479/A479M
specifications/astm/astm-a522/index.html,specifications/astm/astm-a522-a522m.html,PRA-SPC-00563,ASTM A522/A522M
specifications/astm/astm-a529/index.html,specifications/astm/astm-a529-a529m.html,PRA-SPC-00564,ASTM A529/A529M
specifications/astm/astm-a541/index.html,specifications/astm/astm-a541-a541m.html,PRA-SPC-00565,ASTM A541/A541M
specifications/astm/astm-a564/index.html,specifications/astm/astm-a564-a564m.html,PRA-SPC-00566,ASTM A564/A564M
specifications/astm/astm-a576/index.html,specifications/astm/astm-a576.html,PRA-SPC-00567,ASTM A576
specifications/astm/astm-a582/index.html,specifications/astm/astm-a582-a582m.html,PRA-SPC-00568,ASTM A582/A582M
specifications/astm/astm-a592/index.html,specifications/astm/astm-a592-a592m.html,PRA-SPC-00569,ASTM A592/A592M
specifications/astm/astm-a638/index.html,specifications/astm/astm-a638-a638m.html,PRA-SPC-00570,ASTM A638/A638M
specifications/astm/astm-a694/index.html,specifications/astm/astm-a694-a694m.html,PRA-SPC-00571,ASTM A694/A694M
specifications/astm/astm-a705/index.html,specifications/astm/astm-a705-a705m.html,PRA-SPC-00572,ASTM A705/A705M
specifications/astm/astm-a707/index.html,specifications/astm/astm-a707-a707m.html,PRA-SPC-00573,ASTM A707/A707M
specifications/astm/astm-a727/index.html,specifications/astm/astm-a727-a727m.html,PRA-SPC-00574,ASTM A727/A727M
specifications/astm/astm-a836/index.html,specifications/astm/astm-a836-a836m.html,PRA-SPC-00575,ASTM A836/A836M
specifications/astm/astm-a965/index.html,specifications/astm/astm-a965-a965m.html,PRA-SPC-00576,ASTM A965/A965M
specifications/astm/astm-b103/index.html,specifications/astm/astm-b103-b103m.html,PRA-SPC-00577,ASTM B103/B103M
specifications/astm/astm-b121/index.html,specifications/astm/astm-b121-b121m.html,PRA-SPC-00578,ASTM B121/B121M
specifications/astm/astm-b122/index.html,specifications/astm/astm-b122-b122m.html,PRA-SPC-00579,ASTM B122/B122M
specifications/astm/astm-b124/index.html,specifications/astm/astm-b124-b124m.html,PRA-SPC-00580,ASTM B124/B124M
specifications/astm/astm-b127/index.html,specifications/astm/astm-b127.html,PRA-SPC-00581,ASTM B127
specifications/astm/astm-b134/index.html,specifications/astm/astm-b134-b134m.html,PRA-SPC-00582,ASTM B134/B134M
specifications/astm/astm-b139/index.html,specifications/astm/astm-b139-b139m.html,PRA-SPC-00583,ASTM B139/B139M
specifications/astm/astm-b150/index.html,specifications/astm/astm-b150-b150m.html,PRA-SPC-00584,ASTM B150/B150M
specifications/astm/astm-b151/index.html,specifications/astm/astm-b151-b151m.html,PRA-SPC-00585,ASTM B151/B151M
specifications/astm/astm-b16/index.html,specifications/astm/astm-b16-b16m.html,PRA-SPC-00586,ASTM B16/B16M
specifications/astm/astm-b160/index.html,specifications/astm/astm-b160.html,PRA-SPC-00587,ASTM B160
specifications/astm/astm-b162/index.html,specifications/astm/astm-b162.html,PRA-SPC-00588,ASTM B162
specifications/astm/astm-b164/index.html,specifications/astm/astm-b164.html,PRA-SPC-00589,ASTM B164
specifications/astm/astm-b166/index.html,specifications/astm/astm-b166.html,PRA-SPC-00590,ASTM B166
specifications/astm/astm-b168/index.html,specifications/astm/astm-b168.html,PRA-SPC-00591,ASTM B168
specifications/astm/astm-b169/index.html,specifications/astm/astm-b169-b169m.html,PRA-SPC-00592,ASTM B169/B169M
specifications/astm/astm-b171/index.html,specifications/astm/astm-b171-b171m.html,PRA-SPC-00593,ASTM B171/B171M
specifications/astm/astm-b265/index.html,specifications/astm/astm-b265.html,PRA-SPC-00594,ASTM B265
specifications/astm/astm-b335/index.html,specifications/astm/astm-b335.html,PRA-SPC-00595,ASTM B335
specifications/astm/astm-b348/index.html,specifications/astm/astm-b348-b348m.html,PRA-SPC-00596,ASTM B348/B348M
specifications/astm/astm-b36/index.html,specifications/astm/astm-b36-b36m.html,PRA-SPC-00597,ASTM B36/B36M
specifications/astm/astm-b365/index.html,specifications/astm/astm-b365.html,PRA-SPC-00598,ASTM B365
specifications/astm/astm-b381/index.html,specifications/astm/astm-b381.html,PRA-SPC-00599,ASTM B381
specifications/astm/astm-b387/index.html,specifications/astm/astm-b387-b387m.html,PRA-SPC-00600,ASTM B387/B387M
specifications/astm/astm-b408/index.html,specifications/astm/astm-b408.html,PRA-SPC-00601,ASTM B408
specifications/astm/astm-b409/index.html,specifications/astm/astm-b409.html,PRA-SPC-00602,ASTM B409
specifications/astm/astm-b424/index.html,specifications/astm/astm-b424.html,PRA-SPC-00603,ASTM B424
specifications/astm/astm-b425/index.html,specifications/astm/astm-b425.html,PRA-SPC-00604,ASTM B425
specifications/astm/astm-b446/index.html,specifications/astm/astm-b446.html,PRA-SPC-00605,ASTM B446
specifications/astm/astm-b462/index.html,specifications/astm/astm-b462.html,PRA-SPC-00606,ASTM B462
specifications/astm/astm-b473/index.html,specifications/astm/astm-b473.html,PRA-SPC-00607,ASTM B473
specifications/astm/astm-b493/index.html,specifications/astm/astm-b493-b493m.html,PRA-SPC-00608,ASTM B493/B493M
specifications/astm/astm-b550/index.html,specifications/astm/astm-b550-b550m.html,PRA-SPC-00609,ASTM B550/B550M
specifications/astm/astm-b551/index.html,specifications/astm/astm-b551-b551m.html,PRA-SPC-00610,ASTM B551/B551M
specifications/astm/astm-b564/index.html,specifications/astm/astm-b564.html,PRA-SPC-00611,ASTM B564
specifications/astm/astm-b572/index.html,specifications/astm/astm-b572.html,PRA-SPC-00612,ASTM B572
specifications/astm/astm-b574/index.html,specifications/astm/astm-b574.html,PRA-SPC-00613,ASTM B574
specifications/astm/astm-b637/index.html,specifications/astm/astm-b637.html,PRA-SPC-00614,ASTM B637
specifications/astm/astm-b708/index.html,specifications/astm/astm-b708.html,PRA-SPC-00615,ASTM B708
specifications/astm/astm-b805/index.html,specifications/astm/astm-b805.html,PRA-SPC-00616,ASTM B805
specifications/astm/astm-b865/index.html,specifications/astm/astm-b865.html,PRA-SPC-00617,ASTM B865
specifications/astm/astm-b98/index.html,specifications/astm/astm-b98-b98m.html,PRA-SPC-00618,ASTM B98/B98M
specifications/bs/bs-3076/index.html,specifications/bs/bs-3076.html,PRA-SPC-00619,BS 3076:1989
specifications/din/din-17240/index.html,specifications/din/din-17240-1976-07.html,PRA-SPC-00620,DIN 17240:1976-07
specifications/astm/a183/index.html,specifications/astm/astm-a183.html,PRA-SPC-00621,ASTM A183
specifications/astm/f568m/index.html,specifications/astm/astm-f568m.html,PRA-SPC-00622,ASTM F568M
specifications/astm/f738m/index.html,specifications/astm/astm-f738m.html,PRA-SPC-00623,ASTM F738M
specifications/astm/f836m/index.html,specifications/astm/astm-f836m.html,PRA-SPC-00624,ASTM F836M
specifications/astm/f880m/index.html,specifications/astm/astm-f880m.html,PRA-SPC-00625,ASTM F880M
specifications/astm/a693/index.html,specifications/astm/astm-a693.html,PRA-SPC-00626,ASTM A693
specifications/astm/b96-b96m/index.html,specifications/astm/astm-b96-b96m.html,PRA-SPC-00627,ASTM B96/B96M
specifications/bs-en/1515-4-2021/index.html,specifications/bs-en/bs-en-1515-4.html,PRA-SPC-00628,BS EN 1515-4:2021
specifications/bs/4190-2014/index.html,specifications/bs/bs-4190.html,PRA-SPC-00629,BS 4190:2014
specifications/bs/3692-2014/index.html,specifications/bs/bs-3692.html,PRA-SPC-00630,BS 3692:2014
specifications/astm/a574m/index.html,specifications/astm/astm-a574m.html,PRA-SPC-00631,ASTM A574M
specifications/astm/f835m/index.html,specifications/astm/astm-f835m.html,PRA-SPC-00632,ASTM F835M
specifications/astm/f837m/index.html,specifications/astm/astm-f837m.html,PRA-SPC-00633,ASTM F837M
specifications/astm/f879m/index.html,specifications/astm/astm-f879m.html,PRA-SPC-00634,ASTM F879M
specifications/astm/a563m/index.html,specifications/astm/astm-a563m.html,PRA-SPC-00635,ASTM A563M
specifications/astm/b99-b99m/index.html,specifications/astm/astm-b99-b99m.html,PRA-SPC-00636,ASTM B99/B99M
specifications/astm/b927-b927m/index.html,specifications/astm/astm-b927-b927m.html,PRA-SPC-00637,ASTM B927/B927M
specifications/astm/a181-a181m/index.html,specifications/astm/astm-a181-a181m.html,PRA-SPC-00638,ASTM A181/A181M
specifications/astm/a266-a266m/index.html,specifications/astm/astm-a266-a266m.html,PRA-SPC-00639,ASTM A266/A266M
specifications/astm/a336-a336m/index.html,specifications/astm/astm-a336-a336m.html,PRA-SPC-00640,ASTM A336/A336M
specifications/astm/a1099-a1099m/index.html,specifications/astm/astm-a1099-a1099m.html,PRA-SPC-00641,ASTM A1099/A1099M
